Symbol,Symbol,Strike,Last,Theoretical,IV,Delta,Gamma,Rho,Theta,Vega,Volume,Open Int,Vol/OI,Type,DTE,Exp Date,Time,Avg IV
SPY|20210716|185.00C,SPY,185,0,207.62,61.06%,98.85,0.00019,0.17704,-0.01027,0.06543,0,0,0,Call,149,07/16/21,N/A,20.99%
SPY|20210716|190.00C,SPY,190,0,202.66,59.63%,98.7,0.00022,0.19873,-0.01131,0.07377,0,0,0,Call,149,07/16/21,N/A,20.99%
SPY|20210716|195.00C,SPY,195,0,197.7,58.26%,98.6,0.00024,0.20734,-0.01194,0.0791,0,0,0,Call,149,07/16/21,N/A,20.99%
SPY|20210716|200.00C,SPY,200,188.53,192.74,56.88%,98.5,0.00026,0.21374,-0.01253,0.08426,2,0,0,Call,149,07/16/21,02/05/2021,20.99%
SPY|20210716|205.00C,SPY,205,0,187.78,55.50%,98.37,0.00029,0.22629,-0.01324,0.09087,0,0,0,Call,149,07/16/21,N/A,20.99%
SPY|20210716|210.00C,SPY,210,168.88,182.83,54.20%,98.05,0.00035,0.27544,-0.0151,0.10741,1,13,0.08,Call,149,07/16/21,01/19/21,20.99%
SPY|20210716|215.00C,SPY,215,162.08,177.89,52.95%,97.9,0.00038,0.28341,-0.0159,0.1147,1,1,1,Call,149,07/16/21,02/01/2021,20.99%
SPY|20210716|220.00C,SPY,220,154.81,172.95,51.70%,97.7,0.00042,0.30301,-0.01694,0.12475,3,2,1.5,Call,149,07/16/21,01/29/21,20.99%
SPY|20210716|225.00C,SPY,225,0,168.01,50.50%,97.51,0.00046,0.31506,-0.01788,0.13378,0,0,0,Call,149,07/16/21,N/A,20.99%
SPY|20210716|230.00C,SPY,230,160.99,163.09,49.33%,97.32,0.0005,0.32359,-0.01879,0.14273,2,5,0.4,Call,149,07/16/21,02/09/2021,20.99%
SPY|20210716|235.00C,SPY,235,0,158.18,48.20%,97.02,0.00056,0.35061,-0.02018,0.15673,0,0,0,Call,149,07/16/21,N/A,20.99%
SPY|20210716|240.00C,SPY,240,0,153.27,47.12%,96.76,0.00062,0.36518,-0.02141,0.1688,0,0,0,Call,149,07/16/21,N/A,20.99%
SPY|20210716|245.00C,SPY,245,0,148.39,46.07%,96.35,0.0007,0.4024,-0.02319,0.18727,0,0,0,Call,149,07/16/21,N/A,20.99%
SPY|20210716|250.00C,SPY,250,129.29,143.5,45.02%,96.02,0.00077,0.42003,-0.02456,0.20173,1,1,1,Call,149,07/16/21,02/01/2021,20.99%
SPY|20210716|255.00C,SPY,255,0,138.64,44.01%,95.64,0.00084,0.4402,-0.02608,0.21789,0,0,0,Call,149,07/16/21,N/A,20.99%
SPY|20210716|260.00C,SPY,260,0,133.8,43.05%,95.27,0.00092,0.45035,-0.02758,0.23349,0,0,0,Call,149,07/16/21,N/A,20.99%
SPY|20210716|265.00C,SPY,265,0,128.96,42.09%,94.8,0.00102,0.47376,-0.0293,0.25264,0,0,0,Call,149,07/16/21,N/A,20.99%
SPY|20210716|270.00C,SPY,270,116.67,124.15,41.17%,94.26,0.00113,0.50063,-0.03123,0.27423,5,5,1,Call,149,07/16/21,01/25/21,20.99%
SPY|20210716|275.00C,SPY,275,0,119.36,40.27%,93.67,0.00124,0.52892,-0.03326,0.29757,0,0,0,Call,149,07/16/21,N/A,20.99%
SPY|20210716|280.00C,SPY,280,95.7,114.59,39.38%,93.11,0.00136,0.54175,-0.03508,0.3186,8,8,1,Call,149,07/16/21,01/29/21,20.99%
SPY|20210716|285.00C,SPY,285,0,109.84,38.50%,92.5,0.00148,0.55161,-0.03694,0.34055,0,0,0,Call,149,07/16/21,N/A,20.99%
SPY|20210716|290.00C,SPY,290,104.25,105.12,37.63%,91.83,0.00162,0.56109,-0.03888,0.36388,1,8,0.13,Call,149,07/16/21,02/12/2021,20.99%
SPY|20210716|295.00C,SPY,295,93.66,100.42,36.78%,91.03,0.00178,0.5898,-0.041,0.39173,3,23,0.13,Call,149,07/16/21,02/04/2021,20.99%
SPY|20210716|300.00C,SPY,300,82.75,95.76,35.95%,90.03,0.00196,0.64044,-0.04344,0.42566,2,3,0.67,Call,149,07/16/21,02/01/2021,20.99%
SPY|20210716|301.00C,SPY,301,0,94.83,35.78%,89.86,0.002,0.64217,-0.04385,0.43109,0,0,0,Call,149,07/16/21,N/A,20.99%
SPY|20210716|302.00C,SPY,302,0,93.9,35.61%,89.69,0.00203,0.64387,-0.04425,0.43652,0,0,0,Call,149,07/16/21,N/A,20.99%
SPY|20210716|303.00C,SPY,303,0,92.97,35.43%,89.46,0.00207,0.65668,-0.04475,0.44409,0,0,0,Call,149,07/16/21,N/A,20.99%
SPY|20210716|304.00C,SPY,304,0,92.05,35.28%,89.27,0.00211,0.65828,-0.0452,0.44992,0,0,0,Call,149,07/16/21,N/A,20.99%
SPY|20210716|305.00C,SPY,305,77.46,91.12,35.11%,89.09,0.00215,0.65989,-0.04561,0.45556,1,1,1,Call,149,07/16/21,01/15/21,20.99%
SPY|20210716|306.00C,SPY,306,0,90.2,34.95%,88.9,0.00218,0.66145,-0.04605,0.46138,0,0,0,Call,149,07/16/21,N/A,20.99%
SPY|20210716|307.00C,SPY,307,0,89.28,34.77%,88.71,0.00222,0.66301,-0.04644,0.46703,0,0,0,Call,149,07/16/21,N/A,20.99%
SPY|20210716|308.00C,SPY,308,0,88.36,34.62%,88.51,0.00226,0.66449,-0.0469,0.47304,0,0,0,Call,149,07/16/21,N/A,20.99%
SPY|20210716|309.00C,SPY,309,0,87.45,34.46%,88.29,0.0023,0.67203,-0.04736,0.47984,0,0,0,Call,149,07/16/21,N/A,20.99%
SPY|20210716|310.00C,SPY,310,79.39,86.53,34.29%,88.09,0.00234,0.6735,-0.04776,0.48568,66,289,0.23,Call,149,07/16/21,02/02/2021,20.99%
SPY|20210716|311.00C,SPY,311,0,85.62,34.13%,87.88,0.00238,0.67488,-0.04822,0.49186,0,0,0,Call,149,07/16/21,N/A,20.99%
SPY|20210716|312.00C,SPY,312,81.77,84.7,33.97%,87.68,0.00242,0.67627,-0.04863,0.49788,2,1,2,Call,149,07/16/21,02/08/2021,20.99%
SPY|20210716|313.00C,SPY,313,0,83.79,33.81%,87.46,0.00246,0.6776,-0.04907,0.50406,0,0,0,Call,149,07/16/21,N/A,20.99%
SPY|20210716|314.00C,SPY,314,0,82.88,33.65%,87.25,0.0025,0.6789,-0.04949,0.51024,0,0,0,Call,149,07/16/21,N/A,20.99%
SPY|20210716|315.00C,SPY,315,79.36,81.97,33.49%,87.02,0.00254,0.68013,-0.04994,0.51657,6,380,0.02,Call,149,07/16/21,02/08/2021,20.99%
SPY|20210716|316.00C,SPY,316,79.78,81.07,33.32%,86.8,0.00259,0.68137,-0.05035,0.52275,8,231,0.03,Call,149,07/16/21,02/09/2021,20.99%
SPY|20210716|317.00C,SPY,317,78.45,80.17,33.17%,86.57,0.00263,0.68251,-0.05081,0.52924,2,"1,723",0,Call,149,07/16/21,02/12/2021,20.99%
SPY|20210716|318.00C,SPY,318,79.12,79.12,32.74%,86.5,0.00267,0.68464,-0.05027,0.53125,2,677,0,Call,149,07/16/21,02/17/21,20.99%
SPY|20210716|319.00C,SPY,319,75.47,78.36,32.85%,86.1,0.00272,0.68473,-0.05166,0.54204,"1,378",690,2,Call,149,07/16/21,02/08/2021,20.99%
SPY|20210716|320.00C,SPY,320,77.33,77.47,32.70%,85.86,0.00276,0.68573,-0.05211,0.54866,1,23,0.04,Call,149,07/16/21,02/16/21,20.99%
SPY|20210716|321.00C,SPY,321,0,76.57,32.54%,85.61,0.00281,0.68671,-0.05255,0.55527,0,0,0,Call,149,07/16/21,N/A,20.99%
SPY|20210716|322.00C,SPY,322,0,75.68,32.38%,85.36,0.00286,0.68764,-0.05298,0.56186,0,0,0,Call,149,07/16/21,N/A,20.99%
SPY|20210716|323.00C,SPY,323,0,74.78,32.22%,85.11,0.0029,0.68855,-0.0534,0.56845,0,0,0,Call,149,07/16/21,N/A,20.99%
SPY|20210716|324.00C,SPY,324,0,73.89,32.06%,84.85,0.00295,0.68938,-0.05383,0.57517,0,0,0,Call,149,07/16/21,N/A,20.99%
SPY|20210716|325.00C,SPY,325,60.05,73,31.91%,84.59,0.003,0.69017,-0.05425,0.58188,1,1,1,Call,149,07/16/21,02/01/2021,20.99%
SPY|20210716|326.00C,SPY,326,0,72.12,31.75%,84.32,0.00305,0.69089,-0.05469,0.58872,0,0,0,Call,149,07/16/21,N/A,20.99%
SPY|20210716|327.00C,SPY,327,0,71.23,31.60%,84.04,0.0031,0.69157,-0.05511,0.59553,0,222,0,Call,149,07/16/21,N/A,20.99%
SPY|20210716|328.00C,SPY,328,0,70.35,31.44%,83.76,0.00315,0.69217,-0.05555,0.60246,0,0,0,Call,149,07/16/21,N/A,20.99%
SPY|20210716|329.00C,SPY,329,63.17,69.47,31.29%,83.42,0.00321,0.70349,-0.05603,0.61119,1,1,1,Call,149,07/16/21,01/25/21,20.99%
SPY|20210716|330.00C,SPY,330,67.12,68.59,31.13%,83.1,0.00326,0.71203,-0.05647,0.61937,1,7,0.14,Call,149,07/16/21,02/12/2021,20.99%
SPY|20210716|331.00C,SPY,331,61.42,67.71,30.97%,82.77,0.00332,0.72089,-0.05689,0.62753,1,1,1,Call,149,07/16/21,01/20/21,20.99%
SPY|20210716|332.00C,SPY,332,0,66.84,30.81%,82.47,0.00337,0.72122,-0.05729,0.63451,0,0,0,Call,149,07/16/21,N/A,20.99%
SPY|20210716|333.00C,SPY,333,63.36,65.96,30.65%,82.17,0.00343,0.72151,-0.05767,0.64148,1,1,1,Call,149,07/16/21,02/08/2021,20.99%
SPY|20210716|334.00C,SPY,334,62.66,65.09,30.49%,81.87,0.00348,0.72171,-0.05807,0.64854,1,1,1,Call,149,07/16/21,02/10/2021,20.99%
SPY|20210716|335.00C,SPY,335,63.14,64.22,30.33%,81.5,0.00354,0.73581,-0.05848,0.65739,5,379,0.01,Call,149,07/16/21,02/17/21,20.99%
SPY|20210716|336.00C,SPY,336,63.44,63.44,30.30%,81.1,0.00359,0.73509,-0.05934,0.66629,4,1,4,Call,149,07/16/21,02/17/21,20.99%
SPY|20210716|337.00C,SPY,337,60.3,62.49,30.01%,80.86,0.00365,0.73587,-0.05924,0.67161,1,1,1,Call,149,07/16/21,02/11/2021,20.99%
SPY|20210716|338.00C,SPY,338,60.12,61.63,29.85%,80.54,0.00371,0.73582,-0.0596,0.67869,1,1,1,Call,149,07/16/21,02/09/2021,20.99%
SPY|20210716|339.00C,SPY,339,60.1,60.77,29.69%,80.2,0.00377,0.73568,-0.05997,0.68584,4,2,2,Call,149,07/16/21,02/17/21,20.99%
SPY|20210716|340.00C,SPY,340,58.77,59.91,29.53%,79.83,0.00383,0.74321,-0.06035,0.69409,1,62,0.02,Call,149,07/16/21,02/12/2021,20.99%
SPY|20210716|341.00C,SPY,341,57.21,59.06,29.37%,79.49,0.00389,0.7429,-0.06071,0.70128,2,6,0.33,Call,149,07/16/21,02/10/2021,20.99%
SPY|20210716|342.00C,SPY,342,44.45,58.2,29.21%,79.14,0.00395,0.74254,-0.06105,0.70843,1,1,1,Call,149,07/16/21,01/29/21,20.99%
SPY|20210716|343.00C,SPY,343,47.2,57.35,29.04%,78.79,0.00402,0.74213,-0.06137,0.71556,2,2,1,Call,149,07/16/21,02/01/2021,20.99%
SPY|20210716|344.00C,SPY,344,54.52,56.5,28.88%,78.43,0.00408,0.74161,-0.06169,0.72274,4,1,4,Call,149,07/16/21,02/08/2021,20.99%
SPY|20210716|345.00C,SPY,345,53.87,55.62,28.67%,78.09,0.00415,0.74131,-0.06185,0.72939,368,204,1.8,Call,149,07/16/21,02/08/2021,20.99%
SPY|20210716|346.00C,SPY,346,52.09,54.78,28.51%,77.71,0.00421,0.74059,-0.06218,0.73667,623,492,1.27,Call,149,07/16/21,02/08/2021,20.99%
SPY|20210716|347.00C,SPY,347,52.51,53.92,28.32%,77.35,0.00428,0.73998,-0.0624,0.7436,2,108,0.02,Call,149,07/16/21,02/17/21,20.99%
SPY|20210716|348.00C,SPY,348,51.27,53.08,28.16%,76.96,0.00434,0.73913,-0.0627,0.75081,2,1,2,Call,149,07/16/21,02/08/2021,20.99%
SPY|20210716|349.00C,SPY,349,49.93,52.24,28.00%,76.57,0.00441,0.73817,-0.063,0.75805,2,1,2,Call,149,07/16/21,02/08/2021,20.99%
SPY|20210716|350.00C,SPY,350,50.51,51.42,27.85%,76.13,0.00448,0.74392,-0.06335,0.76628,19,534,0.04,Call,149,07/16/21,02/17/21,20.99%
SPY|20210716|351.00C,SPY,351,51.25,50.59,27.69%,75.72,0.00454,0.74276,-0.06363,0.77348,2,3,0.67,Call,149,07/16/21,02/16/21,20.99%
SPY|20210716|352.00C,SPY,352,0,49.75,27.51%,75.32,0.00461,0.74162,-0.06384,0.7805,0,0,0,Call,149,07/16/21,N/A,20.99%
SPY|20210716|353.00C,SPY,353,0,48.94,27.36%,74.88,0.00468,0.7421,-0.06417,0.78814,0,0,0,Call,149,07/16/21,N/A,20.99%
SPY|20210716|354.00C,SPY,354,0,48.11,27.18%,74.46,0.00475,0.74076,-0.06436,0.79511,0,0,0,Call,149,07/16/21,N/A,20.99%
SPY|20210716|355.00C,SPY,355,46.79,47.31,27.04%,74.01,0.00482,0.73903,-0.06468,0.80245,35,25,1.4,Call,149,07/16/21,02/17/21,20.99%
SPY|20210716|356.00C,SPY,356,0,46.49,26.87%,73.55,0.00489,0.74109,-0.06489,0.80998,0,0,0,Call,149,07/16/21,N/A,20.99%
SPY|20210716|357.00C,SPY,357,0,45.68,26.71%,73.1,0.00497,0.73927,-0.06512,0.81705,0,0,0,Call,149,07/16/21,N/A,20.99%
SPY|20210716|358.00C,SPY,358,42,44.87,26.55%,72.64,0.00504,0.73734,-0.06534,0.8241,20,20,1,Call,149,07/16/21,02/05/2021,20.99%
SPY|20210716|359.00C,SPY,359,0,44.05,26.36%,72.19,0.00512,0.73545,-0.06547,0.83092,0,0,0,Call,149,07/16/21,N/A,20.99%
SPY|20210716|360.00C,SPY,360,43.22,43.22,26.16%,71.71,0.0052,0.73825,-0.06554,0.83818,22,40,0.55,Call,149,07/16/21,02/17/21,20.99%
SPY|20210716|361.00C,SPY,361,0,42.45,26.03%,71.21,0.00527,0.73572,-0.06583,0.84532,0,0,0,Call,149,07/16/21,N/A,20.99%
SPY|20210716|362.00C,SPY,362,29.99,41.68,25.89%,70.71,0.00534,0.73315,-0.06608,0.85229,9,9,1,Call,149,07/16/21,01/29/21,20.99%
SPY|20210716|363.00C,SPY,363,40.4,40.89,25.72%,70.21,0.00541,0.73063,-0.06623,0.85904,5,6,0.83,Call,149,07/16/21,02/11/2021,20.99%
SPY|20210716|364.00C,SPY,364,37.97,40.09,25.54%,69.71,0.00549,0.7281,-0.06631,0.86562,5,5,1,Call,149,07/16/21,02/08/2021,20.99%
SPY|20210716|365.00C,SPY,365,40.7,39.32,25.39%,69.17,0.00557,0.73021,-0.06648,0.87289,5,24,0.21,Call,149,07/16/21,02/16/21,20.99%
SPY|20210716|366.00C,SPY,366,38.85,38.54,25.23%,68.62,0.00564,0.73319,-0.06659,0.88004,2,3,0.67,Call,149,07/16/21,02/12/2021,20.99%
SPY|20210716|367.00C,SPY,367,36.81,37.77,25.06%,68.09,0.00572,0.73009,-0.06669,0.88646,4,10,0.4,Call,149,07/16/21,02/11/2021,20.99%
SPY|20210716|368.00C,SPY,368,31.86,36.98,24.88%,67.55,0.0058,0.72697,-0.06671,0.8927,1,11,0.09,Call,149,07/16/21,02/04/2021,20.99%
SPY|20210716|369.00C,SPY,369,36.5,36.23,24.73%,67,0.00588,0.72347,-0.06684,0.89902,2,6,0.33,Call,149,07/16/21,02/12/2021,20.99%
SPY|20210716|370.00C,SPY,370,35.96,35.47,24.57%,66.44,0.00596,0.71994,-0.0669,0.90514,7,206,0.03,Call,149,07/16/21,02/16/21,20.99%
SPY|20210716|371.00C,SPY,371,33.57,34.72,24.40%,65.87,0.00604,0.71626,-0.06695,0.91114,8,9,0.89,Call,149,07/16/21,02/11/2021,20.99%
SPY|20210716|372.00C,SPY,372,32.83,33.97,24.24%,65.29,0.00612,0.71244,-0.06698,0.91702,52,32,1.63,Call,149,07/16/21,02/11/2021,20.99%
SPY|20210716|373.00C,SPY,373,32.28,33.2,24.06%,64.68,0.0062,0.71344,-0.06693,0.92321,26,67,0.39,Call,149,07/16/21,02/11/2021,20.99%
SPY|20210716|374.00C,SPY,374,31.37,32.46,23.89%,64.08,0.00628,0.7093,-0.06691,0.92879,2,11,0.18,Call,149,07/16/21,02/11/2021,20.99%
SPY|20210716|375.00C,SPY,375,30.6,31.73,23.73%,63.47,0.00636,0.70494,-0.06691,0.93424,1,420,0,Call,149,07/16/21,02/17/21,20.99%
SPY|20210716|376.00C,SPY,376,30.14,31.01,23.58%,62.85,0.00644,0.70118,-0.06691,0.93963,7,"1,527",0,Call,149,07/16/21,02/10/2021,20.99%
SPY|20210716|377.00C,SPY,377,29.15,30.27,23.40%,62.22,0.00652,0.69663,-0.0668,0.94469,2,21,0.1,Call,149,07/16/21,02/11/2021,20.99%
SPY|20210716|378.00C,SPY,378,28.37,29.56,23.24%,61.58,0.0066,0.69179,-0.06674,0.94962,3,271,0.01,Call,149,07/16/21,02/11/2021,20.99%
SPY|20210716|379.00C,SPY,379,28.53,28.86,23.09%,60.93,0.00667,0.68674,-0.0667,0.95436,528,"1,520",0.35,Call,149,07/16/21,02/10/2021,20.99%
SPY|20210716|380.00C,SPY,380,27.91,28.14,22.92%,60.28,0.00675,0.68166,-0.06655,0.95885,1,"1,010",0,Call,149,07/16/21,02/17/21,20.99%
SPY|20210716|381.00C,SPY,381,26.6,27.44,22.75%,59.6,0.00683,0.67789,-0.06642,0.9633,1,65,0.02,Call,149,07/16/21,02/17/21,20.99%
SPY|20210716|382.00C,SPY,382,27.5,26.74,22.59%,58.92,0.00691,0.67238,-0.06627,0.96736,1,132,0.01,Call,149,07/16/21,02/16/21,20.99%
SPY|20210716|383.00C,SPY,383,25.5,26.07,22.44%,58.23,0.00698,0.66664,-0.06615,0.97119,1,905,0,Call,149,07/16/21,02/17/21,20.99%
SPY|20210716|384.00C,SPY,384,25.03,25.38,22.27%,57.51,0.00706,0.66493,-0.06592,0.9751,21,16,1.31,Call,149,07/16/21,02/12/2021,20.99%
SPY|20210716|385.00C,SPY,385,24.55,24.72,22.13%,56.79,0.00713,0.65879,-0.06576,0.9784,31,"5,518",0.01,Call,149,07/16/21,02/17/21,20.99%
SPY|20210716|386.00C,SPY,386,24.2,24.04,21.96%,56.07,0.0072,0.65257,-0.0655,0.9814,1,455,0,Call,149,07/16/21,02/12/2021,20.99%
SPY|20210716|387.00C,SPY,387,22.81,23.38,21.81%,55.33,0.00727,0.64812,-0.06527,0.98428,1,"1,647",0,Call,149,07/16/21,02/17/21,20.99%
SPY|20210716|388.00C,SPY,388,22.35,22.73,21.65%,54.59,0.00734,0.64147,-0.065,0.98668,4,65,0.06,Call,149,07/16/21,02/17/21,20.99%
SPY|20210716|389.00C,SPY,389,22.16,22.16,21.57%,53.84,0.00738,0.63446,-0.06496,0.98875,10,318,0.03,Call,149,07/16/21,02/17/21,20.99%
SPY|20210716|390.00C,SPY,390,21.25,21.45,21.33%,53.07,0.00748,0.62762,-0.06439,0.9905,30,"3,311",0.01,Call,149,07/16/21,02/17/21,20.99%
SPY|20210716|391.00C,SPY,391,21.05,20.8,21.17%,52.29,0.00934,0.62043,-0.06402,0.99189,17,602,0.03,Call,149,07/16/21,02/17/21,20.99%
SPY|20210716|392.00C,SPY,392,20.36,20.22,21.05%,51.49,0.00759,0.62161,-0.06376,0.99352,7,"1,166",0.01,Call,149,07/16/21,02/17/21,20.99%
SPY|20210716|393.00C,SPY,393,19.63,19.63,20.92%,50.7,0.00764,0.61393,-0.06344,0.99415,20,589,0.03,Call,149,07/16/21,02/17/21,20.99%
SPY|20210716|394.00C,SPY,394,18.64,19.01,20.75%,49.9,0.0077,0.60609,-0.063,0.99439,29,243,0.12,Call,149,07/16/21,02/17/21,20.99%
SPY|20210716|395.00C,SPY,395,17.97,18.42,20.60%,49.08,0.00776,0.60011,-0.06256,0.99436,14,560,0.03,Call,149,07/16/21,02/17/21,20.99%
SPY|20210716|396.00C,SPY,396,17.81,17.81,20.43%,48.25,0.00782,0.59211,-0.06203,0.99378,27,848,0.03,Call,149,07/16/21,02/17/21,20.99%
SPY|20210716|397.00C,SPY,397,17.07,17.26,20.30%,47.43,0.00786,0.5837,-0.06164,0.99276,24,"1,359",0.02,Call,149,07/16/21,02/17/21,20.99%
SPY|20210716|398.00C,SPY,398,16.41,16.69,20.15%,46.6,0.0079,0.57511,-0.06113,0.99128,11,"1,604",0.01,Call,149,07/16/21,02/17/21,20.99%
SPY|20210716|399.00C,SPY,399,16.58,16.13,20.00%,45.74,0.00794,0.56962,-0.06059,0.98954,247,727,0.34,Call,149,07/16/21,02/12/2021,20.99%
SPY|20210716|400.00C,SPY,400,15.7,15.59,19.87%,44.89,0.00797,0.56067,-0.06009,0.98714,19,"2,678",0.01,Call,149,07/16/21,02/17/21,20.99%
SPY|20210716|401.00C,SPY,401,14.79,15.05,19.72%,44.03,0.00801,0.5515,-0.0595,0.98423,2,151,0.01,Call,149,07/16/21,02/10/2021,20.99%
SPY|20210716|402.00C,SPY,402,14.38,14.52,19.59%,43.17,0.00859,0.54273,-0.05892,0.98087,1,"2,262",0,Call,149,07/16/21,02/17/21,20.99%
SPY|20210716|403.00C,SPY,403,14.55,14.01,19.45%,42.3,0.00806,0.53332,-0.05834,0.97699,84,159,0.53,Call,149,07/16/21,02/12/2021,20.99%
SPY|20210716|404.00C,SPY,404,13.24,13.5,19.31%,41.42,0.00808,0.52372,-0.0577,0.97257,1,486,0,Call,149,07/16/21,02/17/21,20.99%
SPY|20210716|405.00C,SPY,405,13.03,13.03,19.20%,40.55,0.00808,0.51596,-0.05712,0.96784,9,"2,047",0,Call,149,07/16/21,02/17/21,20.99%
SPY|20210716|406.00C,SPY,406,12.13,12.52,19.05%,39.65,0.0081,0.50592,-0.05636,0.96227,1,17,0.06,Call,149,07/16/21,02/17/21,20.99%
SPY|20210716|407.00C,SPY,407,12.08,12.05,18.92%,38.77,0.0081,0.49596,-0.05568,0.95631,98,312,0.31,Call,149,07/16/21,02/12/2021,20.99%
SPY|20210716|408.00C,SPY,408,8.71,11.59,18.79%,37.88,0.0081,0.4859,-0.05498,0.94981,1,756,0,Call,149,07/16/21,02/03/2021,20.99%
SPY|20210716|409.00C,SPY,409,10.81,11.14,18.67%,37,0.0081,0.47573,-0.05425,0.94278,3,"3,066",0,Call,149,07/16/21,02/12/2021,20.99%
SPY|20210716|410.00C,SPY,410,10.98,10.7,18.54%,36.1,0.00808,0.46609,-0.05349,0.93522,17,"4,516",0,Call,149,07/16/21,02/16/21,20.99%
SPY|20210716|411.00C,SPY,411,10.56,10.28,18.43%,35.22,0.00806,0.45578,-0.05273,0.92715,15,"1,524",0.01,Call,149,07/16/21,02/12/2021,20.99%
SPY|20210716|412.00C,SPY,412,9.67,9.86,18.30%,34.32,0.00804,0.44534,-0.05192,0.91848,1,33,0.03,Call,149,07/16/21,02/17/21,20.99%
SPY|20210716|413.00C,SPY,413,9.25,9.45,18.19%,33.44,0.00801,0.43496,-0.05114,0.9094,1,"1,395",0,Call,149,07/16/21,02/17/21,20.99%
SPY|20210716|414.00C,SPY,414,9.37,9.07,18.08%,32.56,0.00797,0.4246,-0.05033,0.8998,1,"1,500",0,Call,149,07/16/21,02/11/2021,20.99%
SPY|20210716|415.00C,SPY,415,8.57,8.69,17.98%,31.69,0.00793,0.41414,-0.0495,0.88968,1,"2,180",0,Call,149,07/16/21,02/17/21,20.99%
SPY|20210716|416.00C,SPY,416,8.79,8.31,17.87%,30.81,0.00788,0.40365,-0.04865,0.87905,1,1,1,Call,149,07/16/21,02/16/21,20.99%
SPY|20210716|417.00C,SPY,417,8.17,7.96,17.77%,29.95,0.00783,0.39323,-0.04781,0.86802,1,1,1,Call,149,07/16/21,02/16/21,20.99%
SPY|20210716|418.00C,SPY,418,7.22,7.62,17.67%,29.08,0.00776,0.38388,-0.04693,0.85653,1,1,1,Call,149,07/16/21,02/09/2021,20.99%
SPY|20210716|420.00C,SPY,420,6.96,6.96,17.48%,27.38,0.00762,0.36531,-0.04515,0.8323,2,"5,431",0,Call,149,07/16/21,02/17/21,20.99%
SPY|20210716|425.00C,SPY,425,5.49,5.49,17.02%,23.28,0.00718,0.3139,-0.04052,0.7644,2,"4,253",0,Call,149,07/16/21,02/17/21,20.99%
SPY|20210716|430.00C,SPY,430,4.42,4.36,16.73%,19.66,0.00662,0.26891,-0.03625,0.69317,1,"1,185",0,Call,149,07/16/21,02/17/21,20.99%
SPY|20210716|435.00C,SPY,435,3.47,3.41,16.46%,16.36,0.00599,0.22593,-0.03188,0.61768,2,42,0.05,Call,149,07/16/21,02/17/21,20.99%
SPY|20210716|440.00C,SPY,440,2.68,2.68,16.30%,13.57,0.00534,0.18908,-0.02796,0.54524,2,79,0.03,Call,149,07/16/21,02/17/21,20.99%
SPY|20210716|445.00C,SPY,445,2.23,2.06,16.11%,11.05,0.00467,0.155,-0.024,0.47207,4,124,0.03,Call,149,07/16/21,02/16/21,20.99%
SPY|20210716|450.00C,SPY,450,1.63,1.6,16.00%,8.97,0.00404,0.12658,-0.02054,0.4056,2,660,0,Call,149,07/16/21,02/17/21,20.99%
SPY|20210716|455.00C,SPY,455,1.25,1.25,15.97%,7.29,0.00346,0.10381,-0.01757,0.34693,2,90,0.02,Call,149,07/16/21,02/17/21,20.99%
SPY|20210716|460.00C,SPY,460,0.98,0.98,15.97%,5.92,0.00295,0.08463,-0.01499,0.29525,130,234,0.56,Call,149,07/16/21,02/17/21,20.99%
SPY|20210716|465.00C,SPY,465,0.76,0.75,15.91%,4.71,0.00247,0.06762,-0.0125,0.24637,19,56,0.34,Call,149,07/16/21,02/16/21,20.99%
SPY|20210716|470.00C,SPY,470,0.6,0.58,15.92%,3.77,0.00206,0.05425,-0.01045,0.20552,3,179,0.02,Call,149,07/16/21,02/16/21,20.99%
SPY|20210716|475.00C,SPY,475,0.46,0.46,16.00%,3.06,0.00172,0.04424,-0.00887,0.17321,2,227,0.01,Call,149,07/16/21,02/17/21,20.99%
SPY|20210716|480.00C,SPY,480,0.37,0.37,16.09%,2.48,0.00144,0.03598,-0.0075,0.14549,14,35,0.4,Call,149,07/16/21,02/16/21,20.99%
SPY|20210716|485.00C,SPY,485,0.27,0.3,16.22%,2.04,0.00121,0.02962,-0.00642,0.12328,18,557,0.03,Call,149,07/16/21,02/17/21,20.99%
SPY|20210716|490.00C,SPY,490,0.25,0.24,16.32%,1.65,0.00101,0.02409,-0.00542,0.10321,5,106,0.05,Call,149,07/16/21,02/16/21,20.99%
SPY|20210716|495.00C,SPY,495,0.21,0.2,16.51%,1.39,0.00085,0.02019,-0.00471,0.08861,10,39,0.26,Call,149,07/16/21,02/16/21,20.99%
SPY|20210716|500.00C,SPY,500,0.16,0.16,16.67%,1.15,0.00072,0.01679,-0.00406,0.07538,43,842,0.05,Call,149,07/16/21,02/17/21,20.99%
SPY|20210716|505.00C,SPY,505,0.14,0.14,16.96%,1,0.00063,0.01467,-0.00367,0.06698,10,5,2,Call,149,07/16/21,02/03/2021,20.99%
SPY|20210716|510.00C,SPY,510,0.11,0.11,17.02%,0.8,0.00052,0.01177,-0.00304,0.05515,3,462,0.01,Call,149,07/16/21,02/17/21,20.99%
SPY|20210716|515.00C,SPY,515,0.09,0.09,17.16%,0.66,0.00043,0.00974,-0.00259,0.04664,6,353,0.02,Call,149,07/16/21,02/17/21,20.99%
SPY|20210716|520.00C,SPY,520,0.09,0.09,17.68%,0.65,0.00041,0.00948,-0.00261,0.04557,1,517,0,Call,149,07/16/21,02/17/21,20.99%
SPY|20210716|525.00C,SPY,525,0.08,0.08,17.96%,0.57,0.00036,0.0084,-0.00238,0.04092,3,490,0.01,Call,149,07/16/21,02/17/21,20.99%
SPY|20210716|530.00C,SPY,530,0.07,0.08,18.33%,0.53,0.00033,0.00778,-0.00227,0.0382,1,27,0.04,Call,149,07/16/21,01/29/21,20.99%
SPY|20210716|535.00C,SPY,535,0.07,0.07,18.54%,0.46,0.00029,0.00676,-0.00203,0.03368,1,4,0.25,Call,149,07/16/21,02/12/2021,20.99%
SPY|20210716|540.00C,SPY,540,0.06,0.06,18.87%,0.42,0.00026,0.00618,-0.00191,0.03111,3,215,0.01,Call,149,07/16/21,02/17/21,20.99%
SPY|20210716|545.00C,SPY,545,0.06,0.06,19.34%,0.41,0.00025,0.00604,-0.00192,0.03051,4,204,0.02,Call,149,07/16/21,02/17/21,20.99%
SPY|20210716|550.00C,SPY,550,0.05,0.06,19.63%,0.38,0.00023,0.0055,-0.0018,0.02806,2,252,0.01,Call,149,07/16/21,02/09/2021,20.99%
SPY|20210716|555.00C,SPY,555,0.04,0.05,19.90%,0.34,0.00021,0.00498,-0.00166,0.02565,13,248,0.05,Call,149,07/16/21,02/12/2021,20.99%
SPY|20210716|560.00C,SPY,560,0.06,0.05,20.14%,0.31,0.00018,0.00447,-0.00153,0.02328,1,40,0.03,Call,149,07/16/21,02/16/21,20.99%
SPY|20210716|185.00P,SPY,185,0.76,0.78,57.66%,-1.35,0.00024,-0.02477,-0.01695,0.08658,104,543,0.19,Put,149,07/16/21,02/17/21,20.99%
SPY|20210716|190.00P,SPY,190,0.84,0.84,56.50%,-1.48,0.00026,-0.02711,-0.01799,0.0937,1,22,0.05,Put,149,07/16/21,02/17/21,20.99%
SPY|20210716|195.00P,SPY,195,1.08,0.91,55.37%,-1.62,0.00029,-0.02965,-0.01907,0.10131,5,6,0.83,Put,149,07/16/21,02/02/2021,20.99%
SPY|20210716|200.00P,SPY,200,0.96,0.99,54.25%,-1.77,0.00032,-0.0324,-0.02019,0.10942,460,774,0.59,Put,149,07/16/21,02/16/21,20.99%
SPY|20210716|205.00P,SPY,205,1.02,1.07,53.16%,-1.94,0.00035,-0.03537,-0.02135,0.11804,2,505,0,Put,149,07/16/21,02/16/21,20.99%
SPY|20210716|210.00P,SPY,210,1.11,1.14,52.03%,-2.11,0.00039,-0.03844,-0.02246,0.12682,2,40,0.05,Put,149,07/16/21,02/16/21,20.99%
SPY|20210716|215.00P,SPY,215,1.18,1.24,50.99%,-2.31,0.00043,-0.04199,-0.02375,0.13679,2,68,0.03,Put,149,07/16/21,02/12/2021,20.99%
SPY|20210716|220.00P,SPY,220,1.35,1.35,50.03%,-2.53,0.00047,-0.04604,-0.02521,0.14791,2,110,0.02,Put,149,07/16/21,02/17/21,20.99%
SPY|20210716|225.00P,SPY,225,1.49,1.45,48.95%,-2.75,0.00052,-0.04998,-0.02646,0.15858,3,76,0.04,Put,149,07/16/21,02/17/21,20.99%
SPY|20210716|230.00P,SPY,230,1.6,1.57,47.97%,-3.01,0.00057,-0.05456,-0.02793,0.17072,11,50,0.22,Put,149,07/16/21,02/11/2021,20.99%
SPY|20210716|235.00P,SPY,235,1.61,1.7,47.01%,-3.28,0.00062,-0.05955,-0.02947,0.18368,3,46,0.07,Put,149,07/16/21,02/16/21,20.99%
SPY|20210716|240.00P,SPY,240,1.88,1.84,46.06%,-3.59,0.00068,-0.06496,-0.03106,0.19745,1,52,0.02,Put,149,07/16/21,02/17/21,20.99%
SPY|20210716|245.00P,SPY,245,2.09,1.99,45.12%,-3.91,0.00075,-0.07081,-0.03269,0.21203,3,56,0.05,Put,149,07/16/21,02/17/21,20.99%
SPY|20210716|250.00P,SPY,250,2.24,2.17,44.25%,-4.29,0.00082,-0.07749,-0.03454,0.22826,2,"1,618",0,Put,149,07/16/21,02/17/21,20.99%
SPY|20210716|255.00P,SPY,255,2.42,2.34,43.33%,-4.67,0.0009,-0.08441,-0.03628,0.2447,5,394,0.01,Put,149,07/16/21,02/17/21,20.99%
SPY|20210716|260.00P,SPY,260,2.51,2.54,42.45%,-5.1,0.00098,-0.09207,-0.03815,0.26246,5,50,0.1,Put,149,07/16/21,02/12/2021,20.99%
SPY|20210716|265.00P,SPY,265,2.9,2.76,41.60%,-5.58,0.00108,-0.10062,-0.04017,0.28174,1,20,0.05,Put,149,07/16/21,02/11/2021,20.99%
SPY|20210716|270.00P,SPY,270,3,2.98,40.73%,-6.08,0.00118,-0.10959,-0.04212,0.3015,15,274,0.05,Put,149,07/16/21,02/16/21,20.99%
SPY|20210716|275.00P,SPY,275,3.26,3.24,39.89%,-6.64,0.00129,-0.11963,-0.04423,0.32293,8,358,0.02,Put,149,07/16/21,02/17/21,20.99%
SPY|20210716|280.00P,SPY,280,3.5,3.5,39.04%,-7.24,0.00141,-0.13028,-0.04629,0.34505,16,160,0.1,Put,149,07/16/21,02/17/21,20.99%
SPY|20210716|285.00P,SPY,285,3.98,3.79,38.20%,-7.9,0.00154,-0.14194,-0.04842,0.36851,10,215,0.05,Put,149,07/16/21,02/17/21,20.99%
SPY|20210716|290.00P,SPY,290,4.34,4.1,37.36%,-8.61,0.00167,-0.15463,-0.0506,0.39324,71,619,0.11,Put,149,07/16/21,02/17/21,20.99%
SPY|20210716|295.00P,SPY,295,4.79,4.45,36.55%,-9.39,0.00183,-0.16852,-0.05284,0.41937,95,243,0.39,Put,149,07/16/21,02/17/21,20.99%
SPY|20210716|300.00P,SPY,300,4.8,4.8,35.69%,-10.21,0.00199,-0.18308,-0.05493,0.44589,14,"1,166",0.01,Put,149,07/16/21,02/17/21,20.99%
SPY|20210716|301.00P,SPY,301,4.77,4.9,35.57%,-10.41,0.00202,-0.18674,-0.05556,0.45231,2,11,0.18,Put,149,07/16/21,02/16/21,20.99%
SPY|20210716|302.00P,SPY,302,5.23,4.98,35.41%,-10.59,0.00206,-0.18998,-0.05602,0.458,5,775,0.01,Put,149,07/16/21,02/17/21,20.99%
SPY|20210716|303.00P,SPY,303,5.05,5.05,35.23%,-10.76,0.00209,-0.19301,-0.05639,0.46333,3,"1,280",0,Put,149,07/16/21,02/17/21,20.99%
SPY|20210716|304.00P,SPY,304,5.4,5.14,35.08%,-10.96,0.00213,-0.19652,-0.05691,0.46939,5,79,0.06,Put,149,07/16/21,02/17/21,20.99%
SPY|20210716|305.00P,SPY,305,5.57,5.22,34.92%,-11.15,0.00217,-0.19983,-0.05734,0.47509,5,110,0.05,Put,149,07/16/21,02/11/2021,20.99%
SPY|20210716|306.00P,SPY,306,5.38,5.31,34.77%,-11.34,0.0022,-0.20339,-0.05783,0.48114,5,119,0.04,Put,149,07/16/21,02/12/2021,20.99%
SPY|20210716|307.00P,SPY,307,6.68,5.39,34.59%,-11.53,0.00224,-0.20676,-0.05825,0.48685,629,909,0.69,Put,149,07/16/21,02/03/2021,20.99%
SPY|20210716|308.00P,SPY,308,5.75,5.48,34.44%,-11.74,0.00228,-0.21038,-0.05872,0.4929,7,34,0.21,Put,149,07/16/21,02/10/2021,20.99%
SPY|20210716|309.00P,SPY,309,6.12,5.57,34.28%,-11.94,0.00232,-0.21402,-0.05919,0.49895,4,29,0.14,Put,149,07/16/21,02/17/21,20.99%
SPY|20210716|310.00P,SPY,310,5.63,5.63,34.06%,-12.11,0.00235,-0.21704,-0.05942,0.50403,7,"1,410",0,Put,149,07/16/21,02/17/21,20.99%
SPY|20210716|311.00P,SPY,311,6.1,5.75,33.95%,-12.36,0.00239,-0.2214,-0.06008,0.51105,5,"1,340",0,Put,149,07/16/21,02/11/2021,20.99%
SPY|20210716|312.00P,SPY,312,5.83,5.84,33.79%,-12.57,0.00244,-0.22514,-0.06052,0.5171,4,"1,973",0,Put,149,07/16/21,02/12/2021,20.99%
SPY|20210716|313.00P,SPY,313,6.57,5.93,33.63%,-12.78,0.00248,-0.22901,-0.06097,0.52331,10,507,0.02,Put,149,07/16/21,02/11/2021,20.99%
SPY|20210716|314.00P,SPY,314,6.42,6.04,33.48%,-13.01,0.00252,-0.23302,-0.06145,0.52968,520,"1,138",0.46,Put,149,07/16/21,02/10/2021,20.99%
SPY|20210716|315.00P,SPY,315,6.06,6.13,33.31%,-13.23,0.00256,-0.23696,-0.06189,0.53588,9,"2,298",0,Put,149,07/16/21,02/16/21,20.99%
SPY|20210716|316.00P,SPY,316,6.85,6.23,33.15%,-13.46,0.0026,-0.24104,-0.06234,0.54224,10,"3,810",0,Put,149,07/16/21,02/17/21,20.99%
SPY|20210716|317.00P,SPY,317,6.62,6.33,32.99%,-13.69,0.00265,-0.24515,-0.06279,0.54859,1,"2,000",0,Put,149,07/16/21,02/17/21,20.99%
SPY|20210716|318.00P,SPY,318,6.29,6.44,32.83%,-13.93,0.00269,-0.24941,-0.06325,0.55509,318,"6,004",0.05,Put,149,07/16/21,02/12/2021,20.99%
SPY|20210716|319.00P,SPY,319,7,6.54,32.68%,-14.17,0.00273,-0.25369,-0.0637,0.56158,8,518,0.02,Put,149,07/16/21,02/17/21,20.99%
SPY|20210716|320.00P,SPY,320,6.68,6.68,32.58%,-14.45,0.00278,-0.25874,-0.06437,0.56903,12,"2,799",0,Put,149,07/16/21,02/17/21,20.99%
SPY|20210716|321.00P,SPY,321,7.27,6.75,32.35%,-14.66,0.00283,-0.26238,-0.06457,0.57454,13,505,0.03,Put,149,07/16/21,02/17/21,20.99%
SPY|20210716|322.00P,SPY,322,7.21,6.86,32.19%,-14.91,0.00287,-0.26688,-0.06502,0.58115,488,"1,701",0.29,Put,149,07/16/21,02/10/2021,20.99%
SPY|20210716|323.00P,SPY,323,7.25,6.98,32.04%,-15.17,0.00292,-0.27153,-0.06548,0.58788,15,887,0.02,Put,149,07/16/21,02/17/21,20.99%
SPY|20210716|324.00P,SPY,324,7.57,7.09,31.88%,-15.44,0.00297,-0.27621,-0.06593,0.59461,1,766,0,Put,149,07/16/21,02/10/2021,20.99%
SPY|20210716|325.00P,SPY,325,7.08,7.2,31.71%,-15.7,0.00302,-0.28083,-0.06634,0.60119,1,357,0,Put,149,07/16/21,02/16/21,20.99%
SPY|20210716|326.00P,SPY,326,7.2,7.32,31.56%,-15.97,0.00307,-0.28569,-0.06679,0.60802,1,2,0.5,Put,149,07/16/21,02/16/21,20.99%
SPY|20210716|327.00P,SPY,327,7.42,7.44,31.40%,-16.25,0.00312,-0.2906,-0.06723,0.61484,52,65,0.8,Put,149,07/16/21,02/16/21,20.99%
SPY|20210716|328.00P,SPY,328,7.49,7.56,31.24%,-16.52,0.00317,-0.29555,-0.06765,0.62164,104,"1,481",0.07,Put,149,07/16/21,02/16/21,20.99%
SPY|20210716|329.00P,SPY,329,7.55,7.68,31.08%,-16.81,0.00322,-0.30054,-0.06806,0.62843,3,472,0.01,Put,149,07/16/21,02/16/21,20.99%
SPY|20210716|330.00P,SPY,330,8.06,7.81,30.92%,-17.09,0.00327,-0.30568,-0.06849,0.63533,21,855,0.02,Put,149,07/16/21,02/17/21,20.99%
SPY|20210716|331.00P,SPY,331,7.83,7.94,30.77%,-17.39,0.00332,-0.31096,-0.06892,0.64232,1,389,0,Put,149,07/16/21,02/16/21,20.99%
SPY|20210716|332.00P,SPY,332,10.02,8.07,30.61%,-17.69,0.00338,-0.31629,-0.06934,0.64929,2,2,1,Put,149,07/16/21,01/26/21,20.99%
SPY|20210716|333.00P,SPY,333,8.2,8.2,30.45%,-17.99,0.00343,-0.32166,-0.06975,0.65624,5,21,0.24,Put,149,07/16/21,02/16/21,20.99%
SPY|20210716|334.00P,SPY,334,12.9,8.33,30.28%,-18.3,0.00348,-0.32709,-0.07014,0.66318,1,1,1,Put,149,07/16/21,01/27/21,20.99%
SPY|20210716|335.00P,SPY,335,8.74,8.47,30.13%,-18.62,0.00354,-0.33275,-0.07057,0.67031,82,184,0.45,Put,149,07/16/21,02/17/21,20.99%
SPY|20210716|336.00P,SPY,336,16,8.61,29.98%,-18.94,0.0036,-0.33846,-0.07098,0.67741,1,1,1,Put,149,07/16/21,01/29/21,20.99%
SPY|20210716|337.00P,SPY,337,10.83,8.75,29.82%,-19.26,0.00365,-0.34423,-0.07137,0.68448,1,1,1,Put,149,07/16/21,01/22/21,20.99%
SPY|20210716|338.00P,SPY,338,9.73,8.89,29.65%,-19.59,0.00371,-0.35005,-0.07175,0.69153,30,30,1,Put,149,07/16/21,02/08/2021,20.99%
SPY|20210716|339.00P,SPY,339,8.87,9.03,29.49%,-19.92,0.00377,-0.35593,-0.07211,0.69855,4,8,0.5,Put,149,07/16/21,02/16/21,20.99%
SPY|20210716|340.00P,SPY,340,9.14,9.14,29.28%,-20.23,0.00383,-0.36141,-0.07232,0.7051,34,"2,532",0.01,Put,149,07/16/21,02/17/21,20.99%
SPY|20210716|341.00P,SPY,341,10.08,9.33,29.17%,-20.61,0.00389,-0.36821,-0.07288,0.71289,11,677,0.02,Put,149,07/16/21,02/17/21,20.99%
SPY|20210716|342.00P,SPY,342,9.83,9.48,29.02%,-20.97,0.00395,-0.37453,-0.07326,0.72009,1,222,0,Put,149,07/16/21,02/17/21,20.99%
SPY|20210716|343.00P,SPY,343,9.86,9.64,28.86%,-21.32,0.00401,-0.38091,-0.07363,0.72726,1,21,0.05,Put,149,07/16/21,02/17/21,20.99%
SPY|20210716|344.00P,SPY,344,10.51,9.8,28.70%,-21.69,0.00407,-0.38744,-0.074,0.73447,119,"1,733",0.07,Put,149,07/16/21,02/17/21,20.99%
SPY|20210716|345.00P,SPY,345,10.23,9.96,28.54%,-22.06,0.00413,-0.39403,-0.07435,0.74164,3,"1,582",0,Put,149,07/16/21,02/17/21,20.99%
SPY|20210716|346.00P,SPY,346,9.95,10.12,28.38%,-22.44,0.0042,-0.40068,-0.07467,0.74877,100,104,0.96,Put,149,07/16/21,02/16/21,20.99%
SPY|20210716|347.00P,SPY,347,14.03,10.29,28.23%,-22.82,0.00426,-0.40757,-0.07503,0.75601,1,535,0,Put,149,07/16/21,02/02/2021,20.99%
SPY|20210716|348.00P,SPY,348,11.44,10.45,28.06%,-23.21,0.00433,-0.41444,-0.07534,0.76313,36,"1,039",0.03,Put,149,07/16/21,02/08/2021,20.99%
SPY|20210716|349.00P,SPY,349,11.92,10.62,27.90%,-23.61,0.00439,-0.42147,-0.07566,0.77027,3,6,0.5,Put,149,07/16/21,02/11/2021,20.99%
SPY|20210716|350.00P,SPY,350,10.92,10.8,27.74%,-24.01,0.00446,-0.42864,-0.07597,0.77743,677,790,0.86,Put,149,07/16/21,02/17/21,20.99%
SPY|20210716|351.00P,SPY,351,12,10.97,27.58%,-24.42,0.00453,-0.43589,-0.07627,0.78454,1,"3,047",0,Put,149,07/16/21,02/17/21,20.99%
SPY|20210716|352.00P,SPY,352,13.96,11.15,27.42%,-24.83,0.00459,-0.4433,-0.07656,0.79166,416,466,0.89,Put,149,07/16/21,02/03/2021,20.99%
SPY|20210716|353.00P,SPY,353,11.21,11.32,27.24%,-25.25,0.00467,-0.45062,-0.07679,0.79859,2,"2,650",0,Put,149,07/16/21,02/16/21,20.99%
SPY|20210716|354.00P,SPY,354,15.25,11.52,27.10%,-25.69,0.00473,-0.45849,-0.07713,0.80582,1,1,1,Put,149,07/16/21,02/02/2021,20.99%
SPY|20210716|355.00P,SPY,355,11.53,11.71,26.94%,-26.13,0.0048,-0.46628,-0.0774,0.81287,3,"6,581",0,Put,149,07/16/21,02/16/21,20.99%
SPY|20210716|356.00P,SPY,356,0,11.9,26.77%,-26.57,0.00487,-0.47415,-0.07764,0.81984,0,0,0,Put,149,07/16/21,N/A,20.99%
SPY|20210716|357.00P,SPY,357,13.57,12.1,26.61%,-27.02,0.00494,-0.48219,-0.07789,0.82679,155,155,1,Put,149,07/16/21,02/05/2021,20.99%
SPY|20210716|358.00P,SPY,358,13.49,12.3,26.45%,-27.48,0.00502,-0.49037,-0.07813,0.83372,1,"2,503",0,Put,149,07/16/21,02/11/2021,20.99%
SPY|20210716|359.00P,SPY,359,13.71,12.5,26.29%,-27.95,0.00509,-0.49872,-0.07836,0.84062,233,233,1,Put,149,07/16/21,02/05/2021,20.99%
SPY|20210716|360.00P,SPY,360,12.67,12.67,26.09%,-28.4,0.00517,-0.50667,-0.07842,0.84712,"1,013","1,411",0.72,Put,149,07/16/21,02/17/21,20.99%
SPY|20210716|361.00P,SPY,361,14.18,12.92,25.97%,-28.91,0.00523,-0.51575,-0.07877,0.85418,77,122,0.63,Put,149,07/16/21,02/11/2021,20.99%
SPY|20210716|362.00P,SPY,362,16.31,13.13,25.81%,-29.4,0.00531,-0.52451,-0.07897,0.86089,100,76,1.32,Put,149,07/16/21,02/03/2021,20.99%
SPY|20210716|363.00P,SPY,363,13.05,13.35,25.65%,-29.9,0.00538,-0.53343,-0.07915,0.86754,1,46,0.02,Put,149,07/16/21,02/16/21,20.99%
SPY|20210716|364.00P,SPY,364,14.4,13.57,25.49%,-30.41,0.00546,-0.54245,-0.07931,0.87408,10,0,0,Put,149,07/16/21,02/17/21,20.99%
SPY|20210716|365.00P,SPY,365,14.61,13.8,25.32%,-30.92,0.00553,-0.55163,-0.07946,0.88055,32,"1,010",0.03,Put,149,07/16/21,02/17/21,20.99%
SPY|20210716|366.00P,SPY,366,13.91,14.03,25.17%,-31.45,0.00561,-0.56104,-0.07962,0.88697,1,48,0.02,Put,149,07/16/21,02/12/2021,20.99%
SPY|20210716|367.00P,SPY,367,14.26,14.26,25.00%,-31.98,0.00569,-0.57049,-0.07973,0.89324,1,622,0,Put,149,07/16/21,02/16/21,20.99%
SPY|20210716|368.00P,SPY,368,14.28,14.5,24.84%,-32.52,0.00576,-0.58017,-0.07985,0.89944,1,20,0.05,Put,149,07/16/21,02/16/21,20.99%
SPY|20210716|369.00P,SPY,369,14.73,14.74,24.67%,-33.07,0.00584,-0.58996,-0.07994,0.9055,12,21,0.57,Put,149,07/16/21,02/16/21,20.99%
SPY|20210716|370.00P,SPY,370,15,15,24.53%,-33.64,0.00591,-0.60009,-0.08007,0.91153,43,"1,519",0.03,Put,149,07/16/21,02/17/21,20.99%
SPY|20210716|371.00P,SPY,371,17.03,15.24,24.36%,-34.21,0.00599,-0.61016,-0.08011,0.91734,7,27,0.26,Put,149,07/16/21,02/11/2021,20.99%
SPY|20210716|372.00P,SPY,372,15.66,15.5,24.19%,-34.78,0.00607,-0.62046,-0.08016,0.92304,4,16,0.25,Put,149,07/16/21,02/16/21,20.99%
SPY|20210716|373.00P,SPY,373,17.31,15.76,24.04%,-35.37,0.00615,-0.63099,-0.0802,0.92862,1,13,0.08,Put,149,07/16/21,02/05/2021,20.99%
SPY|20210716|374.00P,SPY,374,17.4,16.03,23.87%,-35.97,0.00623,-0.64163,-0.08022,0.93403,1,16,0.06,Put,149,07/16/21,02/17/21,20.99%
SPY|20210716|375.00P,SPY,375,16.68,16.31,23.71%,-36.58,0.0063,-0.6525,-0.08023,0.9393,9,599,0.02,Put,149,07/16/21,02/17/21,20.99%
SPY|20210716|376.00P,SPY,376,16.55,16.59,23.56%,-37.2,0.00638,-0.66354,-0.08023,0.94439,1,"1,623",0,Put,149,07/16/21,02/16/21,20.99%
SPY|20210716|377.00P,SPY,377,16.74,16.87,23.40%,-37.83,0.00646,-0.67475,-0.0802,0.94931,2,32,0.06,Put,149,07/16/21,02/16/21,20.99%
SPY|20210716|378.00P,SPY,378,17.43,17.16,23.24%,-38.46,0.00653,-0.68614,-0.08016,0.95403,1,317,0,Put,149,07/16/21,02/16/21,20.99%
SPY|20210716|379.00P,SPY,379,17.38,17.46,23.08%,-39.11,0.00661,-0.69771,-0.0801,0.95855,1,"1,533",0,Put,149,07/16/21,02/17/21,20.99%
SPY|20210716|380.00P,SPY,380,17.65,17.76,22.92%,-39.77,0.00669,-0.70945,-0.08001,0.96286,54,"1,566",0.03,Put,149,07/16/21,02/17/21,20.99%
SPY|20210716|381.00P,SPY,381,19.06,18.07,22.76%,-40.43,0.00676,-0.72141,-0.07992,0.96696,4,92,0.04,Put,149,07/16/21,02/17/21,20.99%
SPY|20210716|382.00P,SPY,382,19.36,18.38,22.60%,-41.11,0.00684,-0.73351,-0.07979,0.97081,4,75,0.05,Put,149,07/16/21,02/17/21,20.99%
SPY|20210716|383.00P,SPY,383,18.31,18.7,22.44%,-41.8,0.00691,-0.74582,-0.07965,0.97442,1,51,0.02,Put,149,07/16/21,02/16/21,20.99%
SPY|20210716|384.00P,SPY,384,18.76,19.02,22.28%,-42.49,0.00698,-0.75832,-0.07948,0.97777,1,727,0,Put,149,07/16/21,02/16/21,20.99%
SPY|20210716|385.00P,SPY,385,19.55,19.36,22.13%,-43.2,0.00706,-0.77102,-0.07931,0.98086,24,"6,096",0,Put,149,07/16/21,02/17/21,20.99%
SPY|20210716|386.00P,SPY,386,19.95,19.69,21.97%,-43.92,0.00713,-0.7839,-0.0791,0.98366,21,"1,329",0.02,Put,149,07/16/21,02/17/21,20.99%
SPY|20210716|387.00P,SPY,387,20.63,20.05,21.82%,-44.65,0.00719,-0.79698,-0.07889,0.98616,28,"1,531",0.02,Put,149,07/16/21,02/17/21,20.99%
SPY|20210716|388.00P,SPY,388,20.57,20.4,21.66%,-45.38,0.00726,-0.81025,-0.07865,0.98835,25,123,0.2,Put,149,07/16/21,02/17/21,20.99%
SPY|20210716|389.00P,SPY,389,20.95,20.76,21.50%,-46.13,0.00733,-0.82369,-0.07837,0.99022,26,"1,250",0.02,Put,149,07/16/21,02/17/21,20.99%
SPY|20210716|390.00P,SPY,390,21.25,21.13,21.35%,-46.89,0.00739,-0.83733,-0.07809,0.99175,52,"2,336",0.02,Put,149,07/16/21,02/17/21,20.99%
SPY|20210716|391.00P,SPY,391,22.04,21.48,21.17%,-47.66,0.00746,-0.85112,-0.07768,0.99294,23,271,0.08,Put,149,07/16/21,02/17/21,20.99%
SPY|20210716|392.00P,SPY,392,21.96,21.96,21.11%,-48.42,0.00749,-0.86525,-0.07766,0.99374,713,323,2.21,Put,149,07/16/21,02/17/21,20.99%
SPY|20210716|393.00P,SPY,393,22.93,22.25,20.86%,-49.23,0.00758,-0.87937,-0.07698,0.99419,2,54,0.04,Put,149,07/16/21,02/17/21,20.99%
SPY|20210716|394.00P,SPY,394,22.85,22.66,20.71%,-50.02,0.00764,-0.89377,-0.07661,0.99423,501,"1,016",0.49,Put,149,07/16/21,02/17/21,20.99%
SPY|20210716|395.00P,SPY,395,23.13,23.13,20.62%,-50.81,0.00767,-0.9083,-0.0764,0.99388,5,72,0.07,Put,149,07/16/21,02/17/21,20.99%
SPY|20210716|396.00P,SPY,396,25.06,23.5,20.42%,-51.64,0.00774,-0.9231,-0.07579,0.99308,14,19,0.74,Put,149,07/16/21,02/11/2021,20.99%
SPY|20210716|397.00P,SPY,397,24.99,23.93,20.27%,-52.46,0.00779,-0.93802,-0.07535,0.99186,2,6,0.33,Put,149,07/16/21,02/11/2021,20.99%
SPY|20210716|398.00P,SPY,398,0,24.37,20.13%,-53.29,0.00783,-0.9531,-0.07488,0.9902,0,0,0,Put,149,07/16/21,N/A,20.99%
SPY|20210716|399.00P,SPY,399,0,24.83,20.00%,-54.12,0.00786,-0.96831,-0.07442,0.98809,0,0,0,Put,149,07/16/21,N/A,20.99%
SPY|20210716|400.00P,SPY,400,25.17,25.29,19.86%,-54.96,0.0079,-0.98367,-0.07393,0.98551,80,296,0.27,Put,149,07/16/21,02/17/21,20.99%
SPY|20210716|401.00P,SPY,401,25.52,25.74,19.70%,-55.83,0.00793,-0.9993,-0.07333,0.98241,1,25,0.04,Put,149,07/16/21,02/16/21,20.99%
SPY|20210716|402.00P,SPY,402,28.83,26.22,19.57%,-56.68,0.00796,-1.01497,-0.07277,0.97885,10,10,1,Put,149,07/16/21,02/05/2021,20.99%
SPY|20210716|403.00P,SPY,403,29.37,26.72,19.44%,-57.54,0.00798,-1.03075,-0.07221,0.97481,10,10,1,Put,149,07/16/21,02/05/2021,20.99%
SPY|20210716|404.00P,SPY,404,27.31,27.22,19.30%,-58.41,0.008,-1.04667,-0.0716,0.97024,1,12,0.08,Put,149,07/16/21,02/16/21,20.99%
SPY|20210716|405.00P,SPY,405,27.39,27.73,19.17%,-59.28,0.00801,-1.06267,-0.07099,0.96519,2,241,0.01,Put,149,07/16/21,02/16/21,20.99%
SPY|20210716|406.00P,SPY,406,30.26,28.25,19.04%,-60.15,0.00802,-1.07882,-0.07034,0.95959,12,11,1.09,Put,149,07/16/21,02/11/2021,20.99%
SPY|20210716|407.00P,SPY,407,30.08,28.8,18.93%,-61.01,0.00802,-1.09487,-0.06973,0.95359,12,13,0.92,Put,149,07/16/21,02/11/2021,20.99%
SPY|20210716|408.00P,SPY,408,0,29.34,18.80%,-61.9,0.00802,-1.11125,-0.06901,0.94692,0,0,0,Put,149,07/16/21,N/A,20.99%
SPY|20210716|409.00P,SPY,409,0,29.89,18.67%,-62.78,0.00801,-1.12766,-0.06829,0.93973,0,0,0,Put,149,07/16/21,N/A,20.99%
SPY|20210716|410.00P,SPY,410,31.55,30.46,18.56%,-63.65,0.00799,-1.14396,-0.06759,0.93214,3,3,1,Put,149,07/16/21,02/12/2021,20.99%
SPY|20210716|411.00P,SPY,411,0,31.04,18.44%,-64.53,0.00797,-1.16037,-0.06686,0.92399,0,0,0,Put,149,07/16/21,N/A,20.99%
SPY|20210716|412.00P,SPY,412,34.21,31.64,18.34%,-65.39,0.00794,-1.17661,-0.06616,0.91549,1,1,1,Put,149,07/16/21,02/11/2021,20.99%
SPY|20210716|413.00P,SPY,413,0,32.24,18.23%,-66.27,0.00791,-1.19307,-0.06538,0.90631,0,0,0,Put,149,07/16/21,N/A,20.99%
SPY|20210716|414.00P,SPY,414,0,32.85,18.11%,-67.15,0.00788,-1.20972,-0.06453,0.89647,0,0,0,Put,149,07/16/21,N/A,20.99%
SPY|20210716|415.00P,SPY,415,34.8,33.47,18.00%,-68.02,0.00784,-1.22614,-0.06373,0.88633,20,43,0.47,Put,149,07/16/21,02/09/2021,20.99%
SPY|20210716|416.00P,SPY,416,0,34.12,17.92%,-68.85,0.00778,-1.24219,-0.06299,0.87605,0,0,0,Put,149,07/16/21,N/A,20.99%
SPY|20210716|417.00P,SPY,417,0,34.76,17.80%,-69.73,0.00773,-1.25884,-0.06209,0.86468,0,0,0,Put,149,07/16/21,N/A,20.99%
SPY|20210716|418.00P,SPY,418,0,35.4,17.67%,-70.61,0.00768,-1.2755,-0.06117,0.85279,0,0,0,Put,149,07/16/21,N/A,20.99%
SPY|20210716|420.00P,SPY,420,36.73,36.75,17.49%,-72.28,0.00754,-1.30776,-0.05947,0.82857,4,241,0.02,Put,149,07/16/21,02/16/21,20.99%
SPY|20210716|425.00P,SPY,425,40,40.34,17.09%,-76.25,0.0071,-1.38607,-0.05514,0.76225,1,11,0.09,Put,149,07/16/21,02/12/2021,20.99%
SPY|20210716|430.00P,SPY,430,46.29,44.18,16.76%,-79.89,0.00655,-1.46003,-0.05079,0.69012,2,5,0.4,Put,149,07/16/21,02/17/21,20.99%
SPY|20210716|435.00P,SPY,435,47.86,48.25,16.51%,-83.12,0.00594,-1.52842,-0.04658,0.61595,2,3,0.67,Put,149,07/16/21,02/16/21,20.99%
SPY|20210716|440.00P,SPY,440,65.5,52.5,16.32%,-85.95,0.00529,-1.59112,-0.04257,0.54226,1,2,0.5,Put,149,07/16/21,01/27/21,20.99%
SPY|20210716|445.00P,SPY,445,0,56.92,16.18%,-88.37,0.00464,-1.64781,-0.03887,0.47211,0,0,0,Put,149,07/16/21,N/A,20.99%
SPY|20210716|450.00P,SPY,450,61.9,61.46,16.10%,-90.39,0.00403,-1.69872,-0.03555,0.40743,1,1,1,Put,149,07/16/21,02/17/21,20.99%
SPY|20210716|455.00P,SPY,455,68.47,66.1,16.04%,-92.09,0.00345,-1.74488,-0.03253,0.34819,2,1,2,Put,149,07/16/21,02/08/2021,20.99%
SPY|20210716|460.00P,SPY,460,73.54,70.83,16.04%,-93.47,0.00294,-1.78626,-0.02993,0.29631,2,0,0,Put,149,07/16/21,02/08/2021,20.99%
SPY|20210716|465.00P,SPY,465,77.46,75.62,16.07%,-94.57,0.00249,-1.82358,-0.02772,0.25164,2,0,0,Put,149,07/16/21,02/11/2021,20.99%
SPY|20210716|470.00P,SPY,470,83.31,80.45,16.10%,-95.51,0.00209,-1.85822,-0.02572,0.2118,2,1,2,Put,149,07/16/21,02/08/2021,20.99%
SPY|20210716|475.00P,SPY,475,92.05,85.32,16.18%,-96.22,0.00176,-1.88963,-0.02412,0.17929,2,1,2,Put,149,07/16/21,02/04/2021,20.99%
SPY|20210716|480.00P,SPY,480,91.38,90.22,16.27%,-96.82,0.00148,-1.91911,-0.02273,0.1512,660,652,1.01,Put,149,07/16/21,02/09/2021,20.99%
SPY|20210716|485.00P,SPY,485,0,95.14,16.37%,-97.3,0.00123,-1.94697,-0.02151,0.12706,0,0,0,Put,149,07/16/21,N/A,20.99%
SPY|20210716|490.00P,SPY,490,101.73,100.06,16.25%,-97.81,0.00098,-1.97523,-0.02008,0.10034,2,3,0.67,Put,149,07/16/21,02/11/2021,20.99%
SPY|20210716|495.00P,SPY,495,107.27,105.01,16.32%,-98.13,0.00081,-2.00059,-0.01918,0.08272,2,1,2,Put,149,07/16/21,02/08/2021,20.99%
SPY|20210716|500.00P,SPY,500,0,109.97,16.38%,-98.4,0.00066,-2.02504,-0.01841,0.06776,0,0,0,Put,149,07/16/21,N/A,20.99%
SPY|20210716|505.00P,SPY,505,0,114.94,16.46%,-98.6,0.00054,-2.04856,-0.01779,0.05584,0,0,0,Put,149,07/16/21,N/A,20.99%
SPY|20210716|510.00P,SPY,510,0,119.91,16.52%,-98.77,0.00044,-2.07158,-0.01725,0.04545,0,0,0,Put,149,07/16/21,N/A,20.99%
SPY|20210716|515.00P,SPY,515,0,124.89,16.57%,-98.91,0.00035,-2.09412,-0.01679,0.03675,0,0,0,Put,149,07/16/21,N/A,20.99%
SPY|20210716|520.00P,SPY,520,0,129.87,16.47%,-99.04,0.00027,-2.11665,-0.01629,0.0277,0,0,0,Put,149,07/16/21,N/A,20.99%
SPY|20210716|525.00P,SPY,525,0,134.86,16.36%,-99.15,0.0002,-2.1387,-0.01589,0.02046,0,0,0,Put,149,07/16/21,N/A,20.99%
SPY|20210716|530.00P,SPY,530,0,139.84,15.94%,-99.26,0.00013,-2.16079,-0.01546,0.01264,0,0,0,Put,149,07/16/21,N/A,20.99%
SPY|20210716|535.00P,SPY,535,0,144.83,15.41%,-99.33,0.00007,-2.18238,-0.01514,0.00683,0,0,0,Put,149,07/16/21,N/A,20.99%
SPY|20210716|540.00P,SPY,540,0,150.3,24.38%,-97.2,0.00086,-2.1705,-0.02528,0.13226,0,0,0,Put,149,07/16/21,N/A,20.99%
SPY|20210716|545.00P,SPY,545,0,155.29,24.88%,-97.27,0.00082,-2.19207,-0.02519,0.12846,0,0,0,Put,149,07/16/21,N/A,20.99%
SPY|20210716|550.00P,SPY,550,173.43,160.28,25.37%,-97.35,0.00078,-2.21359,-0.0251,0.12481,1,1,1,Put,149,07/16/21,01/19/21,20.99%
SPY|20210716|555.00P,SPY,555,0,165.27,25.85%,-97.41,0.00075,-2.23506,-0.025,0.12129,0,0,0,Put,149,07/16/21,N/A,20.99%
SPY|20210716|560.00P,SPY,560,176.6,170.26,26.31%,-97.48,0.00071,-2.25649,-0.02489,0.11788,1,1,1,Put,149,07/16/21,02/04/2021,20.99%
SPY|20210917|381.00C,SPY,381,27.39,29.94,22.92%,57.19,0.00582,0.89897,-0.05586,1.14947,5,"1,095",0,Call,210,09/17/21,02/04/2021,21.59%
SPY|20210917|382.00C,SPY,382,31.8,29.27,22.78%,56.59,0.00587,0.89231,-0.05571,1.15264,11,526,0.02,Call,210,09/17/21,02/16/21,21.59%
SPY|20210917|383.00C,SPY,383,29.17,29.17,23.13%,55.99,0.00579,0.88517,-0.05687,1.15567,8,317,0.03,Call,210,09/17/21,02/19/21,21.59%
SPY|20210917|384.00C,SPY,384,28.48,28.48,22.96%,55.4,0.00585,0.87846,-0.05661,1.15832,4,250,0.02,Call,210,09/17/21,02/19/21,21.59%
SPY|20210917|385.00C,SPY,385,27.77,27.77,22.76%,54.79,0.00591,0.87165,-0.05627,1.16073,13,"3,325",0,Call,210,09/17/21,02/19/21,21.59%
SPY|20210917|386.00C,SPY,386,27.36,26.67,22.23%,54.13,0.00607,0.86578,-0.05497,1.16302,9,353,0.03,Call,210,09/17/21,02/10/2021,21.59%
SPY|20210917|387.00C,SPY,387,27.03,26.03,22.09%,53.5,0.00611,0.85822,-0.05476,1.16492,19,"2,221",0.01,Call,210,09/17/21,02/09/2021,21.59%
SPY|20210917|388.00C,SPY,388,25.66,25.4,21.95%,52.86,0.00616,0.8505,-0.05452,1.16654,5,94,0.05,Call,210,09/17/21,02/18/21,21.59%
SPY|20210917|389.00C,SPY,389,25.08,25.08,22.07%,52.25,0.00613,0.84704,-0.05498,1.16814,11,568,0.02,Call,210,09/17/21,02/19/21,21.59%
SPY|20210917|390.00C,SPY,390,24.5,24.5,21.97%,51.6,0.00616,0.84146,-0.0548,1.16935,377,"8,562",0.04,Call,210,09/17/21,02/19/21,21.59%
SPY|20210917|391.00C,SPY,391,24.48,23.52,21.52%,50.87,0.0063,0.83357,-0.05367,1.17015,92,114,0.81,Call,210,09/17/21,02/19/21,21.59%
SPY|20210917|392.00C,SPY,392,24.05,22.94,21.39%,50.21,0.00633,0.82518,-0.05342,1.17054,10,"1,560",0.01,Call,210,09/17/21,02/19/21,21.59%
SPY|20210917|393.00C,SPY,393,23,23,21.82%,49.71,0.00621,0.81629,-0.05467,1.17061,3,321,0.01,Call,210,09/17/21,02/19/21,21.59%
SPY|20210917|394.00C,SPY,394,22.49,21.75,21.12%,48.86,0.00641,0.8074,-0.05279,1.17032,5,108,0.05,Call,210,09/17/21,02/19/21,21.59%
SPY|20210917|395.00C,SPY,395,21.86,21.86,21.58%,48.4,0.00627,0.79898,-0.05411,1.16993,12,"5,097",0,Call,210,09/17/21,02/19/21,21.59%
SPY|20210917|396.00C,SPY,396,21.67,20.6,20.86%,47.49,0.00648,0.78909,-0.05214,1.16871,8,134,0.06,Call,210,09/17/21,02/19/21,21.59%
SPY|20210917|397.00C,SPY,397,20.51,20.51,21.14%,46.97,0.00639,0.78063,-0.05293,1.16775,15,412,0.04,Call,210,09/17/21,02/19/21,21.59%
SPY|20210917|398.00C,SPY,398,20.12,20.12,21.15%,46.35,0.00638,0.77171,-0.05297,1.16632,4,29,0.14,Call,210,09/17/21,02/19/21,21.59%
SPY|20210917|399.00C,SPY,399,19.94,18.9,20.45%,45.38,0.00658,0.76032,-0.05099,1.1635,2,22,0.09,Call,210,09/17/21,02/19/21,21.59%
SPY|20210917|400.00C,SPY,400,19.09,18.36,20.32%,44.64,0.0066,0.75754,-0.05056,1.16139,160,"4,561",0.04,Call,210,09/17/21,02/19/21,21.59%
SPY|20210917|381.00P,SPY,381,22.89,23.89,23.04%,-42.7,0.00572,-1.09559,-0.06963,1.15259,10,84,0.12,Put,210,09/17/21,02/19/21,21.59%
SPY|20210917|382.00P,SPY,382,23.46,24.23,22.90%,-43.28,0.00577,-1.1107,-0.06949,1.15551,10,"1,136",0.01,Put,210,09/17/21,02/19/21,21.59%
SPY|20210917|383.00P,SPY,383,23.69,24.58,22.76%,-43.88,0.00582,-1.12605,-0.06934,1.15819,6,996,0.01,Put,210,09/17/21,02/19/21,21.59%
SPY|20210917|384.00P,SPY,384,25.87,24.94,22.63%,-44.48,0.00586,-1.14163,-0.0692,1.16063,1,"1,043",0,Put,210,09/17/21,02/18/21,21.59%
SPY|20210917|385.00P,SPY,385,24.38,25.29,22.48%,-45.09,0.00591,-1.15733,-0.069,1.16283,142,458,0.31,Put,210,09/17/21,02/19/21,21.59%
SPY|20210917|386.00P,SPY,386,24.83,25.66,22.35%,-45.71,0.00596,-1.17328,-0.06884,1.16475,20,488,0.04,Put,210,09/17/21,02/19/21,21.59%
SPY|20210917|387.00P,SPY,387,25.15,26.03,22.21%,-46.33,0.006,-1.18937,-0.06863,1.16642,8,"2,236",0,Put,210,09/17/21,02/19/21,21.59%
SPY|20210917|388.00P,SPY,388,26.2,26.2,21.90%,-46.99,0.0061,-1.2052,-0.06794,1.16786,41,546,0.08,Put,210,09/17/21,02/19/21,21.59%
SPY|20210917|389.00P,SPY,389,26.31,26.31,21.53%,-47.68,0.00621,-1.22131,-0.06707,1.16903,49,129,0.38,Put,210,09/17/21,02/19/21,21.59%
SPY|20210917|390.00P,SPY,390,26.88,26.88,21.55%,-48.3,0.00621,-1.23845,-0.06725,1.16976,64,"1,652",0.04,Put,210,09/17/21,02/19/21,21.59%
SPY|20210917|391.00P,SPY,391,27.2,27.2,21.34%,-48.97,0.00627,-1.25541,-0.06682,1.17024,73,45,1.62,Put,210,09/17/21,02/19/21,21.59%
SPY|20210917|392.00P,SPY,392,27.61,27.61,21.22%,-49.63,0.0063,-1.27266,-0.06657,1.17038,63,"4,854",0.01,Put,210,09/17/21,02/19/21,21.59%
SPY|20210917|393.00P,SPY,393,28.07,28.07,21.12%,-50.29,0.00633,-1.29005,-0.0664,1.1702,794,537,1.48,Put,210,09/17/21,02/19/21,21.59%
SPY|20210917|394.00P,SPY,394,28.51,28.51,21.01%,-50.96,0.00636,-1.30759,-0.06615,1.16967,"2,265",95,23.84,Put,210,09/17/21,02/19/21,21.59%
SPY|20210917|395.00P,SPY,395,28.9,28.9,20.85%,-51.65,0.00641,-1.32539,-0.06576,1.16878,6,27,0.22,Put,210,09/17/21,02/19/21,21.59%
SPY|20210917|396.00P,SPY,396,28.64,29.66,21.00%,-52.22,0.00636,-1.34251,-0.06621,1.16778,3,"1,001",0,Put,210,09/17/21,02/19/21,21.59%
SPY|20210917|397.00P,SPY,397,0,30.11,20.87%,-52.9,0.00639,-1.36039,-0.06589,1.16626,0,0,0,Put,210,09/17/21,N/A,21.59%
SPY|20210917|398.00P,SPY,398,29.79,30.55,20.74%,-53.6,0.00642,-1.37845,-0.06553,1.16436,1,1,1,Put,210,09/17/21,02/16/21,21.59%
SPY|20210917|399.00P,SPY,399,0,31.01,20.61%,-54.29,0.00644,-1.39666,-0.06516,1.1621,0,0,0,Put,210,09/17/21,N/A,21.59%
SPY|20210917|400.00P,SPY,400,31.36,31.36,20.39%,-55.04,0.0065,-1.41558,-0.06453,1.15923,6,255,0.02,Put,210,09/17/21,02/19/21,21.59%
